wrclmch,prtcleat,anweight,party_feel_closest
0.5,1.0,0.13001321,middle left
1.0,5.0,0.107597955,left
1.0,5.0,1.3236659,left
0.5,66.0,0.058316287,none
0.5,5.0,0.35108042,left
0.5,66.0,0.4609019,none
0.0,1.0,0.19099933,middle left
0.5,5.0,0.20499675,left
0.5,66.0,0.22953385,none
-0.5,66.0,0.16289838,none
0.5,1.0,0.117543094,middle left
0.0,66.0,0.10388404,none
0.5,66.0,0.09160248,none
0.0,66.0,0.16842224,none
0.5,5.0,1.3238645,left
0.5,66.0,0.13777868,none
0.5,1.0,0.2902267,middle left
-0.5,2.0,0.4609019,middle right
0.0,66.0,0.5491631,none
0.0,66.0,0.42538047,none
-0.5,2.0,0.22425073,middle right
1.0,2.0,0.4821347,middle right
-0.5,66.0,0.37794974,none
-0.5,3.0,1.078077,right
0.0,66.0,0.3289331,none
0.0,66.0,0.063962385,none
0.5,66.0,0.58863974,none
0.0,66.0,0.11526765,none
0.0,66.0,0.11801526,none
-1.0,66.0,0.16815524,none
0.5,66.0,0.57176554,none
1.0,66.0,0.30178684,none
0.0,66.0,0.34181038,none
0.5,66.0,0.14735793,none
0.5,1.0,0.15502545,middle left
0.0,66.0,0.4721567,none
0.5,2.0,0.26229855,middle right
0.0,66.0,1.1879488,none
0.5,1.0,0.25650635,middle left
0.0,2.0,0.09077031,middle right
0.0,3.0,0.03693064,right
0.5,1.0,0.30155247,middle left
-1.0,66.0,0.35880417,none
0.5,5.0,0.30410862,left
-0.5,1.0,0.33889925,middle left
0.5,5.0,0.20314468,left
0.0,66.0,0.31406826,none
0.5,1.0,0.15414636,middle left
0.5,66.0,1.3238645,none
1.0,1.0,0.39221862,middle left
0.0,66.0,0.83082956,none
-0.5,3.0,0.20072679,right
0.5,66.0,0.10290363,none
0.0,66.0,0.07257932,none
0.0,2.0,0.1939665,middle right
0.0,1.0,0.17956828,middle left
0.0,66.0,0.15292884,none
1.0,66.0,0.29471585,none
0.5,66.0,0.30749494,none
0.0,3.0,0.46916294,right
0.0,66.0,0.13608515,none
0.5,66.0,0.14808734,none
0.0,66.0,0.39144412,none
0.0,2.0,0.08888855,middle right
0.5,66.0,0.3833811,none
0.5,1.0,0.4637355,middle left
0.5,66.0,1.1834918,none
0.0,1.0,0.28490525,middle left
0.0,66.0,0.22311963,none
0.0,66.0,0.09078405,none
0.0,1.0,0.19830987,middle left
0.0,66.0,0.11609869,none
0.5,1.0,0.115610704,middle left
1.0,66.0,0.2882518,none
0.0,66.0,0.538207,none
0.0,66.0,0.4081498,none
0.5,66.0,0.51220804,none
0.5,66.0,0.04107029,none
0.5,3.0,0.11782725,right
0.5,2.0,1.3238645,middle right
0.5,5.0,0.6982442,left
-0.5,3.0,0.27458155,right
0.0,66.0,0.5992638,none
0.5,5.0,0.06690894,left
0.0,2.0,0.43157864,middle right
0.0,66.0,0.07701716,none
0.5,66.0,0.17208794,none
0.0,2.0,0.39144412,middle right
0.5,6.0,1.184588,left
0.0,66.0,0.2087635,none
0.5,1.0,0.19803452,middle left
0.0,1.0,0.34040025,middle left
-1.0,66.0,0.30122787,none
0.0,66.0,1.0938772,none
1.0,3.0,0.15307996,right
0.0,66.0,0.09672516,none
0.0,66.0,0.14808734,none
0.0,66.0,0.36943728,none
0.0,3.0,0.060802206,right
1.0,5.0,0.11028964,left
1.0,66.0,0.27723068,none
0.0,2.0,0.06571625,middle right
0.5,1.0,0.164786,middle left
0.5,66.0,0.20258978,none
-0.5,66.0,0.20828111,none
0.5,2.0,0.45005766,middle right
0.0,66.0,0.2242507,none
0.5,66.0,0.10828316,none
0.5,1.0,0.122005835,middle left
1.0,5.0,0.14184768,left
0.5,1.0,0.097230025,middle left
0.0,5.0,0.97130644,left
-0.5,1.0,0.24399126,middle left
0.0,1.0,0.09577179,middle left
0.0,2.0,0.31237015,middle right
0.0,66.0,0.114422105,none
0.5,66.0,0.21811019,none
0.5,2.0,0.20097044,middle right
0.0,7.0,0.0902723,middle right
0.5,66.0,0.44862875,none
-0.5,66.0,0.9413507,none
0.5,2.0,1.0020479,middle right
0.5,66.0,0.34205598,none
0.0,66.0,0.07454017,none
0.0,66.0,0.23328903,none
0.0,66.0,0.5238143,none
0.0,3.0,0.15409446,right
0.5,66.0,0.31406826,none
0.5,66.0,0.55597204,none
0.5,3.0,0.16035862,right
0.5,2.0,0.13517718,middle right
0.5,5.0,0.17426597,left
0.0,5.0,0.043200288,left
0.0,1.0,0.37241134,middle left
0.0,66.0,0.35914776,none
0.0,66.0,0.34245372,none
-0.5,1.0,0.215119,middle left
0.0,1.0,0.036070555,middle left
-0.5,66.0,0.4831552,none
0.5,66.0,0.17249608,none
-0.5,66.0,0.40063697,none
0.5,66.0,0.4629585,none
0.0,1.0,1.3236659,middle left
0.5,66.0,0.2658416,none
-1.0,3.0,0.6690131,right
0.5,66.0,0.90948963,none
0.0,66.0,0.09154959,none
0.0,66.0,0.08076826,none
0.5,66.0,0.1594869,none
0.5,88.0,0.27759907,none
0.0,66.0,0.23768474,none
0.5,66.0,0.06579067,none
-0.5,66.0,0.414147,none
-1.0,66.0,0.12696582,none
0.0,2.0,0.038699605,middle right
0.0,66.0,0.09078405,none
0.0,66.0,0.17940208,none
0.0,66.0,0.13412212,none
0.5,66.0,0.21468475,none
0.0,66.0,0.047883477,none
0.0,66.0,0.08905684,none
0.5,66.0,0.5062849,none
0.5,1.0,0.04403058,middle left
1.0,66.0,0.27568963,none
-0.5,66.0,0.08076826,none
-0.5,5.0,0.34386593,left
-0.5,3.0,0.5765341,right
-0.5,3.0,0.2967643,right
-0.5,66.0,0.7522798,none
0.0,2.0,0.20661065,middle right
0.5,2.0,0.07723378,middle right
0.5,1.0,0.19322245,middle left
0.0,2.0,0.11618819,middle right
0.5,2.0,0.060945153,middle right
0.0,66.0,0.8805413,none
0.5,2.0,0.080918506,middle right
1.0,66.0,0.05800591,none
1.0,66.0,0.16370428,none
0.5,2.0,0.0978774,middle right
0.5,66.0,0.13251084,none
0.0,66.0,0.36393422,none
0.0,66.0,0.44384092,none
0.0,66.0,0.14184768,none
-0.5,66.0,0.065786615,none
0.5,66.0,0.3430464,none
-0.5,2.0,0.63088864,middle right
0.0,2.0,0.25017285,middle right
0.0,66.0,0.22300445,none
0.0,2.0,0.1594869,middle right
1.0,66.0,0.22425073,none
0.0,2.0,0.43998653,middle right
-0.5,66.0,0.30974963,none
-0.5,66.0,0.34448105,none
1.0,1.0,0.13861534,middle left
-0.5,3.0,0.26190716,right
0.0,66.0,0.04647404,none
0.5,66.0,0.14867559,none
-0.5,66.0,0.16153651,none
1.0,66.0,0.29471585,none
0.5,66.0,0.09203565,none
0.0,66.0,0.21798408,none
0.0,66.0,0.16540444,none
0.5,66.0,0.04768604,none
0.0,66.0,0.12720636,none
0.0,1.0,0.10376495,middle left
0.5,1.0,1.3238645,middle left
-0.5,3.0,0.6432616,right
0.5,66.0,0.85056734,none
1.0,6.0,0.08232505,left
-0.5,66.0,0.08421112,none
-0.5,66.0,0.076148786,none
0.0,66.0,0.16794184,none
0.0,1.0,0.31109202,middle left
0.5,7.0,1.1030813,middle right
-0.5,5.0,0.23012803,left
0.0,66.0,0.17589729,none
1.0,1.0,0.14391424,middle left
0.5,66.0,0.24320082,none
0.0,66.0,0.20456384,none
1.0,66.0,0.12498706,none
0.0,7.0,0.52073646,middle right
1.0,66.0,1.3238643,none
0.5,5.0,0.5339524,left
0.5,66.0,0.13251084,none
0.5,66.0,0.1290659,none
-0.5,3.0,0.2026279,right
-1.0,1.0,0.6795601,middle left
0.5,66.0,0.29735118,none
0.0,1.0,0.18976213,middle left
0.5,2.0,0.9169618,middle right
0.5,66.0,0.2624325,none
0.0,1.0,0.106591724,middle left
-0.5,3.0,0.12779364,right
0.0,66.0,0.24062319,none
0.0,66.0,0.09945239,none
0.0,66.0,0.23615955,none
0.0,2.0,0.27258295,middle right
0.0,66.0,0.11663257,none
0.0,3.0,0.13009207,right
0.0,66.0,0.45184156,none
0.5,66.0,0.093318276,none
0.5,66.0,0.18621555,none
0.0,66.0,0.26208702,none
0.5,66.0,0.10090476,none
-0.5,66.0,0.16598767,none
0.0,66.0,0.34713432,none
0.0,66.0,0.23861705,none
0.0,66.0,0.78288823,none
0.5,66.0,0.11959475,none
0.0,66.0,0.19857514,none
-0.5,2.0,0.4821347,middle right
0.5,5.0,0.21022843,left
-0.5,3.0,0.473632,right
0.0,2.0,0.57643825,middle right
0.0,66.0,0.11458715,none
1.0,66.0,0.20841457,none
0.0,1.0,0.12160441,middle left
0.5,66.0,0.0916025,none
0.0,7.0,0.77732116,middle right
0.0,1.0,0.13879953,middle left
0.5,1.0,0.12976523,middle left
0.0,66.0,0.40431282,none
0.5,66.0,0.20036717,none
0.5,2.0,0.6665579,middle right
0.5,1.0,0.30155244,middle left
0.0,66.0,0.69855785,none
-1.0,2.0,0.049726196,middle right
0.0,2.0,0.08117678,middle right
0.0,2.0,0.09915493,middle right
0.5,66.0,0.24631874,none
0.5,5.0,0.38197234,left
0.0,1.0,0.06690894,middle left
0.0,5.0,0.040366948,left
0.0,66.0,0.5296074,none
0.5,66.0,0.24606065,none
0.0,3.0,1.3238645,right
0.0,2.0,0.09881045,middle right
1.0,5.0,0.048057828,left
0.0,1.0,0.27543792,middle left
0.5,1.0,0.33357963,middle left
0.0,66.0,0.102386475,none
0.0,66.0,0.55597204,none
1.0,1.0,0.19209859,middle left
0.0,1.0,0.07182691,middle left
0.0,3.0,0.49506894,right
-0.5,66.0,0.09420827,none
0.0,66.0,0.0718269,none
1.0,66.0,0.78191614,none
0.5,5.0,0.3127494,left
1.0,5.0,0.114422105,left
0.5,5.0,0.55087584,left
1.0,5.0,0.05158767,left
0.5,66.0,0.09080105,none
0.5,66.0,0.32520747,none
1.0,66.0,0.1441259,none
0.0,66.0,0.17998353,none
1.0,66.0,0.15993166,none
0.0,66.0,0.18747275,none
-0.5,66.0,0.31544432,none
0.0,1.0,0.24617158,middle left
0.5,2.0,0.074473664,middle right
-0.5,66.0,0.23177232,none
0.5,66.0,0.2314321,none
-0.5,1.0,0.55658126,middle left
0.0,66.0,0.1868448,none
-1.0,66.0,0.076909386,none
0.5,1.0,0.11663257,middle left
0.0,66.0,0.27866265,none
-0.5,2.0,0.23237638,middle right
0.0,2.0,0.13009207,middle right
-0.5,2.0,0.09915493,middle right
0.0,66.0,0.07654385,none
-0.5,66.0,0.15922777,none
0.5,66.0,0.16586807,none
0.0,66.0,1.2882074,none
0.5,66.0,0.080918506,none
0.0,66.0,0.69961554,none
0.5,66.0,0.24390557,none
0.5,66.0,0.15922777,none
0.0,1.0,0.24399124,middle left
0.0,1.0,0.48105443,middle left
0.0,66.0,0.08207147,none
0.0,3.0,0.57262444,right
0.5,66.0,0.13251084,none
-0.5,3.0,0.27723357,right
0.0,2.0,0.22515954,middle right
-0.5,3.0,0.045639355,right
0.5,3.0,0.79804116,right
0.5,66.0,0.31276816,none
0.0,3.0,0.46025607,right
0.5,66.0,0.89700294,none
0.5,66.0,0.16929258,none
0.0,1.0,0.38199866,middle left
1.0,66.0,0.122475594,none
0.0,1.0,0.04129785,middle left
0.0,66.0,0.049507264,none
0.5,5.0,0.10828316,left
0.0,66.0,0.23791668,none
1.0,66.0,0.9193418,none
0.0,66.0,0.30936122,none
1.0,66.0,0.8144486,none
0.0,66.0,0.2962739,none
0.5,66.0,0.10900985,none
-0.5,3.0,0.3216308,right
0.0,2.0,0.79804116,middle right
-1.0,3.0,0.6152736,right
0.5,2.0,0.22952175,middle right
0.0,66.0,0.18373565,none
0.0,66.0,0.08210337,none
0.0,66.0,0.18131082,none
0.0,66.0,0.18376367,none
0.5,66.0,0.22805028,none
0.5,6.0,0.07236499,left
-0.5,1.0,0.5777586,middle left
1.0,66.0,0.3325147,none
1.0,66.0,0.29471585,none
0.5,66.0,0.30829272,none
0.5,2.0,0.22856614,middle right
1.0,66.0,0.61951196,none
-0.5,2.0,0.6773098,middle right
1.0,66.0,0.60291135,none
0.5,1.0,0.12845486,middle left
0.0,1.0,0.3968104,middle left
0.0,66.0,0.22543079,none
0.0,1.0,0.23237638,middle left
0.5,66.0,1.0528255,none
0.5,66.0,0.31651816,none
1.0,2.0,0.09611565,middle right
0.0,2.0,0.12907189,middle right
0.5,66.0,1.1119441,none
1.0,1.0,1.201156,middle left
-0.5,66.0,0.053987704,none
0.0,1.0,0.24307518,middle left
-0.5,66.0,0.31014088,none
-1.0,66.0,0.19209859,none
0.5,66.0,0.27678853,none
0.5,1.0,0.42554206,middle left
-1.0,3.0,0.1441259,right
-0.5,66.0,0.045621652,none
0.0,66.0,1.2984201,none
0.5,66.0,0.13132241,none
0.0,66.0,0.09127871,none
0.0,66.0,0.52528965,none
0.0,66.0,0.23973201,none
0.0,3.0,0.27017623,right
0.0,66.0,0.22311963,none
0.0,1.0,1.3238643,middle left
0.0,3.0,0.4376835,right
-0.5,66.0,0.7116839,none
0.0,66.0,0.1200308,none
0.0,66.0,0.5107198,none
1.0,66.0,0.13899043,none
0.0,66.0,0.047769975,none
0.0,6.0,0.107597955,left
0.5,66.0,0.35108042,none
1.0,5.0,0.056871403,left
1.0,66.0,0.0899917,none
0.0,2.0,0.10372264,middle right
0.0,66.0,0.3576887,none
0.0,1.0,0.21349965,middle left
0.0,2.0,0.10376495,middle right
-0.5,66.0,0.46916294,none
1.0,66.0,0.6152736,none
0.0,66.0,0.047460195,none
0.5,7.0,0.27397722,middle right
-0.5,66.0,0.092262685,none
0.0,2.0,0.44207376,middle right
0.0,66.0,0.23100789,none
0.0,66.0,0.27398005,none
0.5,5.0,0.14069255,left
0.5,66.0,1.0387454,none
0.0,66.0,0.51117456,none
0.0,66.0,0.45184156,none
0.0,66.0,0.23910579,none
-0.5,66.0,0.09544661,none
-1.0,66.0,0.31606352,none
0.0,66.0,0.1975018,none
0.5,5.0,0.70143235,left
0.0,66.0,0.038699605,none
0.0,2.0,1.0355334,middle right
0.5,66.0,0.43044513,none
0.5,2.0,0.06690893,middle right
0.5,66.0,0.45607427,none
-0.5,3.0,0.10090476,right
-0.5,66.0,0.27723357,none
0.5,66.0,0.09577179,none
0.5,66.0,0.30155244,none
0.0,66.0,0.16519614,none
0.0,66.0,0.4779049,none
0.0,1.0,0.102491125,middle left
0.5,66.0,0.22967838,none
0.5,2.0,0.56376016,middle right
-0.5,2.0,0.7326417,middle right
0.0,3.0,1.3165886,right
1.0,66.0,0.2758444,none
0.5,1.0,0.32361266,middle left
-0.5,66.0,1.3238642,none
0.5,66.0,0.4629585,none
0.0,66.0,0.16452838,none
0.5,66.0,0.4899222,none
0.0,2.0,0.14908034,middle right
0.0,66.0,0.12160441,none
1.0,5.0,0.28631225,left
0.5,66.0,1.3238645,none
0.5,66.0,0.14837846,none
0.0,66.0,0.13539863,none
0.0,1.0,0.055122692,middle left
0.5,66.0,1.3238642,none
-0.5,66.0,0.22762254,none
0.5,1.0,0.12923826,middle left
0.5,66.0,0.17554021,none
0.0,66.0,0.45086157,none
-0.5,7.0,0.66124743,middle right
-0.5,66.0,0.19830987,none
0.5,66.0,1.3238643,none
0.5,66.0,0.09577179,none
0.0,66.0,1.2143338,none
0.0,66.0,0.29891464,none
0.5,66.0,0.6975137,none
0.0,2.0,0.042226527,middle right
0.0,66.0,0.18767118,none
-0.5,2.0,0.14777084,middle right
0.0,66.0,0.18054458,none
0.5,66.0,0.095651016,none
0.5,1.0,0.35108042,middle left
0.0,1.0,0.10487097,middle left
0.0,2.0,0.19763449,middle right
0.5,1.0,0.75496703,middle left
0.0,66.0,0.15526402,none
-0.5,66.0,0.2890063,none
0.0,66.0,0.07771961,none
-0.5,2.0,0.35303208,middle right
0.5,66.0,0.07867683,none
0.5,66.0,0.19154358,none
0.0,2.0,0.07182691,middle right
0.5,66.0,1.0996906,none
-0.5,66.0,0.32620826,none
0.0,66.0,0.29859263,none
1.0,5.0,0.08073391,left
-0.5,66.0,0.05146658,none
0.0,66.0,0.2882518,none
0.0,66.0,0.32005274,none
0.0,66.0,0.9169618,none
0.0,66.0,0.29966998,none
1.0,1.0,0.64409244,middle left
-1.0,3.0,0.28490525,right
0.0,3.0,0.1676253,right
0.0,66.0,0.16872005,none
-0.5,1.0,0.9663104,middle left
0.0,66.0,0.79804116,none
0.0,66.0,0.055206582,none
0.0,66.0,0.3576887,none
0.0,66.0,0.12160441,none
1.0,66.0,1.3238643,none
0.0,66.0,0.69403243,none
-0.5,66.0,0.08135064,none
0.0,66.0,0.19209859,none
0.0,66.0,0.09465399,none
0.0,66.0,0.24013658,none
1.0,66.0,0.5202727,none
0.5,66.0,0.2721703,none
0.5,66.0,0.46657804,none
0.0,2.0,0.055122692,middle right
0.5,66.0,0.45607427,none
0.5,66.0,0.08184654,none
0.0,66.0,0.106591724,none
1.0,66.0,0.043386362,none
0.0,1.0,0.24320082,middle left
0.0,66.0,1.3238643,none
-0.5,5.0,0.46656498,left
0.0,5.0,0.35935262,left
0.0,2.0,0.19595523,middle right
-0.5,1.0,0.3902762,middle left
0.5,66.0,0.19620048,none
-1.0,3.0,0.3458101,right
0.5,66.0,0.44384092,none
-0.5,66.0,0.111213244,none
0.0,66.0,0.15354015,none
0.0,66.0,0.087982416,none
0.5,66.0,0.14813694,none
0.5,66.0,0.09901453,none
0.5,66.0,0.16330086,none
0.5,66.0,0.29824904,none
0.5,3.0,0.6640751,right
0.5,66.0,0.14645998,none
0.5,2.0,1.3238645,middle right
0.0,66.0,0.27020162,none
0.0,66.0,0.11543136,none
0.0,66.0,0.22502883,none
1.0,66.0,0.33221436,none
0.0,66.0,0.10895584,none
0.5,1.0,0.22023581,middle left
0.0,66.0,0.2009704,none
0.5,2.0,0.47106415,middle right
0.5,66.0,0.7116839,none
0.5,66.0,0.16562891,none
0.0,66.0,0.096233934,none
0.0,66.0,0.19830985,none
0.0,2.0,0.32166973,middle right
0.0,66.0,0.46126106,none
0.5,1.0,0.5515407,middle left
0.5,3.0,0.13114928,right
-0.5,3.0,0.22431438,right
0.5,5.0,1.3238645,left
-0.5,3.0,0.47409463,right
1.0,5.0,0.9502628,left
0.0,2.0,0.4606979,middle right
0.0,2.0,1.3236659,middle right
-1.0,66.0,0.33197123,none
0.5,66.0,0.22805028,none
0.0,66.0,0.18054458,none
-0.5,6.0,0.33327895,left
0.5,66.0,0.17250448,none
0.0,2.0,0.12845486,middle right
0.5,66.0,0.8455839,none
1.0,66.0,0.78712744,none
0.5,66.0,0.1429579,none
0.5,66.0,1.3238645,none
-1.0,6.0,0.50128865,left
-0.5,66.0,0.16538699,none
0.0,66.0,0.04043541,none
0.0,66.0,0.12389362,none
1.0,66.0,0.2998124,none
0.0,66.0,0.19830987,none
0.0,66.0,0.9322998,none
0.0,66.0,0.19830985,none
0.5,66.0,0.04647404,none
0.5,66.0,0.2758307,none
0.0,66.0,0.2998124,none
0.0,2.0,0.060802206,middle right
0.5,66.0,0.07704723,none
0.0,1.0,0.36943728,middle left
0.5,1.0,0.03607056,middle left
0.0,1.0,1.3238642,middle left
0.0,1.0,0.18917201,middle left
0.5,5.0,0.13819683,left
0.0,66.0,0.21715903,none
0.0,3.0,0.9413507,right
1.0,1.0,0.10090476,middle left
0.0,66.0,0.22115105,none
0.0,2.0,0.38345438,middle right
-0.5,66.0,0.50128865,none
0.5,66.0,0.07684516,none
0.5,66.0,0.038385037,none
0.0,66.0,0.3019011,none
1.0,5.0,0.3338157,left
0.0,66.0,0.10899844,none
-1.0,66.0,0.08269351,none
0.0,66.0,1.3238645,none
0.5,66.0,0.8007314,none
0.5,66.0,0.24013658,none
-0.5,66.0,0.05687139,none
1.0,66.0,0.13517718,none
-1.0,66.0,0.27543792,none
0.5,66.0,0.39273718,none
0.5,66.0,0.12473268,none
0.0,2.0,0.473632,middle right
0.0,3.0,0.103764966,right
0.0,66.0,1.3238645,none
1.0,66.0,0.24320082,none
-0.5,66.0,0.087982416,none
0.0,66.0,0.08184654,none
0.0,66.0,0.14720772,none
0.0,66.0,0.41595003,none
0.5,5.0,0.12667987,left
0.5,1.0,1.191939,middle left
0.0,66.0,0.21799691,none
0.5,2.0,0.22805028,middle right
0.5,2.0,0.09160248,middle right
0.5,66.0,0.15349002,none
0.5,3.0,0.13885415,right
0.0,2.0,0.21263072,middle right
0.5,3.0,0.20094818,right
0.5,2.0,1.3236659,middle right
0.0,2.0,0.047483135,middle right
0.5,1.0,0.30155247,middle left
0.0,66.0,0.07684516,none
1.0,66.0,1.3238643,none
0.5,66.0,0.15498596,none
-0.5,66.0,0.20094818,none
0.0,2.0,0.12845486,middle right
0.5,66.0,0.4346391,none
0.0,66.0,1.2182386,none
0.0,66.0,0.053822216,none
0.0,1.0,1.3238645,middle left
0.5,66.0,0.22242649,none
-1.0,66.0,0.215119,none
-0.5,3.0,0.118291266,right
-0.5,66.0,0.107597955,none
0.0,1.0,0.60310495,middle left
1.0,6.0,1.3238643,left
1.0,1.0,0.76394445,middle left
1.0,5.0,0.37778822,left
0.0,1.0,0.22856614,middle left
-0.5,66.0,0.36252013,none
0.0,66.0,0.19108887,none
0.5,1.0,0.09633546,middle left
-0.5,1.0,0.51117456,middle left
-0.5,2.0,0.387933,middle right
0.0,66.0,0.3216308,none
1.0,66.0,0.222108,none
0.5,66.0,0.44850147,none
0.0,66.0,0.14808734,none
0.5,3.0,0.05045238,right
-0.5,3.0,0.22311966,right
0.0,3.0,0.9014281,right
0.5,66.0,0.14894733,none
1.0,66.0,1.0893724,none
-0.5,3.0,0.21468475,right
0.5,66.0,0.39067268,none
-0.5,3.0,0.05687139,right
0.5,6.0,0.3931305,left
0.5,3.0,0.054313693,right
0.0,66.0,0.16921861,none
0.5,2.0,0.043629494,middle right
1.0,66.0,0.2314321,none
0.5,2.0,0.22803932,middle right
0.5,66.0,0.6255575,none
0.0,66.0,0.116098724,none
0.5,1.0,0.0902723,middle left
0.5,1.0,0.10664708,middle left
0.5,2.0,0.2811936,middle right
0.5,1.0,0.22311966,middle left
0.0,1.0,0.09553995,middle left
0.0,66.0,0.23973201,none
0.5,1.0,0.387933,middle left
0.0,2.0,0.21519588,middle right
1.0,2.0,0.043629494,middle right
0.0,2.0,1.1030813,middle right
0.0,3.0,0.06690894,right
0.5,66.0,0.12845486,none
0.5,66.0,0.03842258,none
0.5,1.0,0.10293316,middle left
0.0,66.0,1.3238642,none
0.0,66.0,0.3357224,none
0.5,66.0,0.18054458,none
-0.5,66.0,0.15271756,none
0.0,66.0,0.063962385,none
0.5,66.0,0.20898888,none
0.5,66.0,0.18910748,none
0.0,66.0,0.10293316,none
0.0,66.0,0.07867683,none
-0.5,2.0,0.33525828,middle right
0.0,66.0,0.10885997,none
1.0,1.0,0.55609435,middle left
0.0,3.0,0.08149638,right
0.0,66.0,1.3238642,none
-1.0,66.0,0.47110292,none
0.0,66.0,0.038699605,none
0.0,66.0,0.18445346,none
0.0,1.0,0.35286197,middle left
0.5,66.0,0.32426775,none
0.5,5.0,0.106591724,left
-0.5,66.0,0.24913065,none
-0.5,3.0,0.26317146,right
0.5,66.0,0.06135559,none
-0.5,3.0,0.09936386,right
0.5,2.0,0.17354122,middle right
0.0,66.0,0.33039227,none
1.0,66.0,1.3238643,none
1.0,66.0,1.3238645,none
0.0,1.0,0.13009207,middle left
0.0,1.0,0.13517718,middle left
0.5,66.0,0.17225829,none
0.0,1.0,0.20409732,middle left
0.0,66.0,0.56249034,none
-1.0,2.0,0.19595523,middle right
0.0,2.0,0.14777084,middle right
0.0,66.0,0.5212772,none
0.5,66.0,0.6432616,none
-0.5,66.0,0.08130187,none
0.5,66.0,0.20036712,none
0.0,1.0,0.4625385,middle left
0.5,3.0,0.65230185,right
1.0,7.0,0.12498708,middle right
0.5,66.0,0.09976586,none
0.5,1.0,0.5365671,middle left
-0.5,66.0,0.3588042,none
-0.5,66.0,0.6852419,none
0.0,66.0,0.12830152,none
-1.0,66.0,0.051213868,none
0.0,1.0,0.103764966,middle left
0.0,1.0,0.4584809,middle left
0.0,66.0,0.11630669,none
0.0,66.0,0.14908034,none
0.0,66.0,1.1618241,none
0.0,66.0,1.184588,none
0.5,66.0,0.15409446,none
0.0,3.0,0.5897954,right
0.5,66.0,0.16929258,none
0.0,66.0,0.115610704,none
0.5,66.0,0.04403058,none
0.5,66.0,0.17967631,none
0.0,2.0,0.39902058,middle right
0.5,66.0,0.20097044,none
0.0,66.0,0.048615012,none
0.5,66.0,0.21574178,none
1.0,66.0,0.14777084,none
0.0,66.0,0.5062849,none
0.5,66.0,0.061764877,none
0.0,66.0,0.1971746,none
0.5,1.0,0.058316287,middle left
0.0,66.0,0.21157856,none
1.0,5.0,0.45244995,left
0.0,3.0,0.092465535,right
1.0,66.0,0.13899043,none
0.0,1.0,0.09211799,middle left
-0.5,3.0,0.35914776,right
0.0,66.0,0.23012803,none
0.0,1.0,0.095446646,middle left
-0.5,3.0,0.5096848,right
0.5,5.0,1.3238643,left
0.5,66.0,0.12315519,none
0.5,1.0,0.0978774,middle left
-0.5,3.0,0.10293316,right
0.0,66.0,0.3902762,none
0.5,66.0,0.13777868,none
0.5,1.0,0.1950677,middle left
0.5,66.0,0.22242649,none
0.0,66.0,0.095766954,none
0.0,2.0,0.103305325,middle right
-0.5,66.0,0.07827584,none
0.5,66.0,0.0489387,none
1.0,5.0,1.3238643,left
0.0,66.0,0.054040294,none
0.0,66.0,0.40937296,none
0.0,66.0,0.84357965,none
0.0,5.0,0.10828316,left
-0.5,88.0,0.7037452,none
1.0,1.0,0.12923826,middle left
0.0,2.0,0.121793956,middle right
0.0,66.0,0.38117707,none
0.0,2.0,0.2174638,middle right
0.0,66.0,0.057419594,none
1.0,1.0,0.63088864,middle left
1.0,2.0,0.44850147,middle right
0.0,1.0,0.3338157,middle left
1.0,5.0,0.16519614,left
0.5,2.0,0.055206582,middle right
0.5,66.0,0.1816021,none
-0.5,3.0,0.46025607,right
0.0,66.0,0.40996447,none
-0.5,3.0,0.10818827,right
1.0,6.0,1.3238643,left
0.0,66.0,0.13497634,none
0.5,1.0,0.84682536,middle left
-0.5,66.0,0.046825554,none
0.0,66.0,1.191939,none
0.0,1.0,0.14472999,middle left
1.0,66.0,0.32426775,none
0.0,66.0,0.21999326,none
-0.5,1.0,0.2643093,middle left
0.0,3.0,0.25409827,right
0.0,1.0,0.101897456,middle left
0.5,66.0,0.48480842,none
0.0,1.0,0.04647404,middle left
0.0,1.0,0.28782848,middle left
0.0,3.0,0.08725899,right
0.0,66.0,0.091044754,none
-0.5,1.0,0.1745223,middle left
0.0,66.0,0.15414636,none
0.5,1.0,0.081176795,middle left
0.5,66.0,0.040366955,none
0.5,66.0,0.31544432,none
0.5,66.0,0.26277858,none
0.5,66.0,0.12520759,none
0.0,66.0,1.1801572,none
0.0,66.0,1.3238645,none
0.0,66.0,0.055799972,none
0.5,3.0,0.7883361,right
-0.5,66.0,1.3238645,none
-0.5,3.0,0.08888855,right
0.0,2.0,0.7006819,middle right
0.0,1.0,0.15479836,middle left
0.0,88.0,0.18327813,none
1.0,5.0,1.3238645,left
0.0,66.0,0.10142515,none
0.5,66.0,0.17811371,none
0.5,66.0,0.51911527,none
0.5,5.0,1.0102668,left
0.0,2.0,0.04563936,middle right
-0.5,66.0,0.058316287,none
0.5,66.0,0.40063697,none
1.0,66.0,1.3238643,none
0.0,5.0,1.0668666,left
0.5,5.0,0.29190952,left
-0.5,1.0,0.038699605,middle left
0.0,2.0,0.2157263,middle right
0.5,66.0,0.4329966,none
0.0,66.0,0.31695566,none
0.5,66.0,0.62696743,none
0.0,66.0,0.033744086,none
0.0,1.0,0.11663257,middle left
0.0,1.0,0.048230585,middle left
0.0,1.0,0.11381127,middle left
-0.5,3.0,1.0476283,right
-0.5,66.0,0.057419594,none
0.0,3.0,0.06579067,right
1.0,66.0,0.9222894,none
0.5,66.0,0.097977616,none
0.5,66.0,0.5429983,none
0.5,66.0,0.51117456,none
-0.5,66.0,0.12315937,none
0.0,2.0,0.0946566,middle right
0.5,66.0,0.14735793,none
0.0,3.0,0.28590885,right
0.0,66.0,0.21258536,none
1.0,5.0,0.18976213,left
0.0,1.0,0.21574184,middle left
0.0,2.0,0.35959753,middle right
0.5,66.0,0.13861534,none
-0.5,2.0,0.07739921,middle right
0.0,3.0,0.7973725,right
0.0,66.0,0.24109301,none
0.0,66.0,0.10818827,none
0.0,2.0,1.0020479,middle right
1.0,66.0,0.26957887,none
1.0,66.0,0.104123436,none
-0.5,3.0,0.100183584,right
0.0,1.0,0.7639447,middle left
0.5,7.0,0.2840552,middle right
0.0,66.0,0.09465399,none
0.5,66.0,0.35286412,none
0.5,66.0,0.40912768,none
-0.5,3.0,0.6031049,right
0.5,66.0,0.6031049,none
0.0,1.0,0.12792477,middle left
0.5,66.0,0.09086093,none
0.0,66.0,0.21522257,none
0.0,2.0,0.27772847,middle right
0.0,66.0,0.07400245,none
0.0,66.0,0.04562165,none
0.0,1.0,0.31544432,middle left
0.0,1.0,0.26572496,middle left
0.0,66.0,0.66719633,none
0.0,1.0,0.46025607,middle left
1.0,66.0,0.13777868,none
-1.0,2.0,0.13466832,middle right
-1.0,3.0,0.14140427,right
0.5,5.0,0.107597955,left
0.5,2.0,0.10899844,middle right
1.0,66.0,0.20094818,none
0.5,66.0,0.06579065,none
0.5,66.0,0.74180025,none
0.0,2.0,0.39902058,middle right
0.5,66.0,0.9722278,none
0.0,2.0,0.16929258,middle right
1.0,66.0,0.040825214,none
0.5,66.0,0.14069255,none
-0.5,66.0,0.46656477,none
0.0,66.0,0.09199608,none
0.5,66.0,0.83082986,none
0.5,1.0,0.69691986,middle left
0.0,66.0,0.45943642,none
0.5,66.0,0.65344447,none
0.0,66.0,0.1934981,none
1.0,66.0,0.09069554,none
1.0,6.0,1.2048144,left
0.5,66.0,0.30155244,none
0.0,66.0,0.31998032,none
0.0,66.0,0.25457516,none
-0.5,66.0,0.33039227,none
0.5,2.0,0.17011313,middle right
0.0,66.0,0.6594144,none
0.5,2.0,0.22760281,middle right
-1.0,3.0,0.14140427,right
0.5,66.0,0.22248554,none
0.5,1.0,0.2314321,middle left
0.0,66.0,0.07626979,none
0.5,1.0,0.046017826,middle left
1.0,66.0,0.051193237,none
1.0,66.0,0.94633317,none
0.0,66.0,0.40088582,none
0.0,2.0,0.22457482,middle right
0.0,66.0,0.095651016,none
0.5,66.0,0.0807288,none
0.0,66.0,0.31551477,none
0.0,66.0,0.05414158,none
0.5,66.0,0.20379488,none
0.5,66.0,0.14813694,none
0.0,1.0,0.25656164,middle left
0.0,1.0,1.3238645,middle left
-0.5,2.0,0.07739921,middle right
0.0,66.0,0.25690973,none
-0.5,66.0,0.1154997,none
-0.5,66.0,0.55446714,none
0.5,66.0,0.0872734,none
0.0,2.0,0.15526402,middle right
0.0,2.0,0.1729862,middle right
1.0,1.0,0.06942707,middle left
0.5,66.0,0.24320082,none
1.0,1.0,0.26129964,middle left
0.0,2.0,0.40284938,middle right
0.0,66.0,0.27555737,none
0.5,66.0,0.13942225,none
0.0,3.0,0.07684516,right
0.0,3.0,0.27149916,right
-0.5,3.0,0.42323118,right
0.5,66.0,0.24358791,none
0.0,5.0,0.13801286,left
0.0,66.0,1.3238645,none
0.0,66.0,0.7485566,none
0.0,1.0,0.10047409,middle left
0.5,7.0,0.38164878,middle right
-0.5,2.0,0.36417902,middle right
0.5,66.0,0.44216883,none
1.0,66.0,0.26293555,none
1.0,66.0,0.34022626,none
0.5,1.0,0.8854352,middle left
0.0,66.0,0.095822476,none
-0.5,66.0,0.47431388,none
-1.0,1.0,0.10321815,middle left
0.0,66.0,0.29610863,none
-0.5,3.0,1.3238645,right
0.0,66.0,0.13972022,none
0.5,66.0,0.2286786,none
-0.5,1.0,0.060802206,middle left
0.5,66.0,0.38899794,none
0.5,66.0,0.1594869,none
-1.0,66.0,0.34867233,none
0.0,88.0,0.05774985,none
-0.5,66.0,0.28280854,none
0.0,1.0,0.164786,middle left
0.5,66.0,0.1893132,none
0.0,2.0,1.3238645,middle right
0.5,66.0,0.63073593,none
0.0,2.0,0.473632,middle right
0.5,66.0,0.17564406,none
-0.5,1.0,0.14140427,middle left
-0.5,1.0,1.0453805,middle left
0.0,3.0,0.39526898,right
-0.5,66.0,0.18336833,none
1.0,5.0,0.1621211,left
1.0,66.0,0.2701594,none
1.0,66.0,0.43039182,none
0.0,66.0,0.16414294,none
0.0,66.0,0.045385156,none
0.5,2.0,0.07427202,middle right
0.0,1.0,0.46126106,middle left
1.0,66.0,0.7702916,none
0.0,66.0,0.78049207,none
0.0,66.0,0.28262457,none
0.0,66.0,0.16212454,none
0.5,66.0,0.14184768,none
0.5,66.0,0.1807794,none
-0.5,3.0,0.26190728,right
0.0,66.0,1.0893724,none
1.0,66.0,0.18665595,none
0.0,3.0,0.31544432,right
-0.5,2.0,0.060802206,middle right
0.0,3.0,0.2525667,right
0.0,66.0,0.21999323,none
-0.5,66.0,0.16110788,none
0.5,66.0,0.5834975,none
0.5,5.0,0.3357224,left
-0.5,66.0,0.19255431,none
0.5,66.0,0.42613277,none
0.5,88.0,0.14912452,none
-0.5,66.0,0.07763201,none
0.0,66.0,0.08464629,none
1.0,5.0,0.109055094,left
0.5,2.0,0.18131082,middle right
0.5,66.0,0.42538047,none
0.0,66.0,0.49462575,none
0.0,66.0,0.0903897,none
1.0,5.0,0.19625835,left
1.0,5.0,0.6262899,left
0.5,1.0,0.27235812,middle left
0.5,66.0,0.356025,none
1.0,5.0,0.10629268,left
-0.5,66.0,0.16538702,none
0.0,1.0,0.06214383,middle left
0.5,66.0,0.09537208,none
0.0,1.0,0.048230585,middle left
1.0,5.0,0.28449947,left
0.5,1.0,0.162076,middle left
0.0,7.0,0.9502628,middle right
0.0,66.0,0.38510862,none
0.0,66.0,0.08165043,none
-0.5,66.0,0.12792477,none
0.5,5.0,0.09286898,left
0.5,66.0,0.13466832,none
0.5,66.0,0.07614878,none
0.5,1.0,0.05766211,middle left
0.0,66.0,0.35171068,none
1.0,5.0,0.5503057,left
0.0,66.0,0.629542,none
0.0,66.0,0.05145181,none
0.5,66.0,0.12189031,none
0.0,2.0,0.16929258,middle right
0.5,66.0,0.6175744,none
1.0,66.0,0.6348638,none
0.5,1.0,0.40194088,middle left
-0.5,2.0,0.22803932,middle right
0.0,66.0,0.08068949,none
-0.5,3.0,0.12750545,right
0.5,66.0,0.29809186,none
0.5,7.0,0.06942707,middle right
0.5,66.0,0.31480724,none
1.0,66.0,0.18889411,none
0.0,66.0,0.11057553,none
-0.5,3.0,0.2594296,right
0.0,2.0,0.37834403,middle right
0.0,66.0,0.25953045,none
0.0,1.0,0.22311966,middle left
0.5,66.0,1.1459173,none
0.0,66.0,0.12160441,none
-0.5,3.0,0.28813544,right
0.5,2.0,0.33774567,middle right
-0.5,66.0,0.07339379,none
0.5,66.0,0.2719377,none
-0.5,3.0,0.2286787,right
0.5,66.0,0.043629494,none
0.5,66.0,0.29357517,none
0.0,66.0,0.17163754,none
0.0,66.0,1.0722324,none
0.0,2.0,0.18348679,middle right
0.5,66.0,0.22502883,none
1.0,5.0,0.19595523,left
0.0,1.0,0.31198916,middle left
0.0,1.0,0.3027467,middle left
0.0,66.0,0.20030233,none
1.0,66.0,1.3238643,none
0.0,66.0,0.12109314,none
0.5,66.0,0.043677915,none
0.0,66.0,0.19620045,none
0.5,66.0,1.3238642,none
0.5,5.0,0.22220494,left
0.0,66.0,0.22884421,none
0.5,7.0,1.1583476,middle right
0.5,2.0,0.08725899,middle right
0.5,66.0,0.26502168,none
0.5,66.0,0.20036712,none
0.5,88.0,0.110413164,none
-0.5,66.0,0.11895834,none
0.0,66.0,0.09127871,none
0.5,66.0,0.2701594,none
0.0,66.0,0.73180145,none
0.0,1.0,0.0950725,middle left
1.0,66.0,0.49208656,none
0.5,1.0,0.7448622,middle left
0.0,66.0,0.6729605,none
0.0,66.0,0.04988293,none
-0.5,66.0,0.111213244,none
0.5,66.0,1.3238643,none
0.5,1.0,0.08076826,middle left
1.0,7.0,0.5413078,middle right
-0.5,3.0,0.13574958,right
0.5,66.0,0.21574178,none
0.0,66.0,0.15498595,none
0.0,66.0,0.07763201,none
0.0,66.0,0.34181038,none
0.5,66.0,0.10090476,none
1.0,66.0,0.19108887,none
0.5,1.0,0.13517718,middle left
0.5,3.0,0.33062372,right
0.0,66.0,0.24340113,none
0.0,66.0,0.31879148,none
0.5,66.0,0.13251084,none
0.0,66.0,0.29593495,none
0.0,66.0,0.107975386,none
0.0,66.0,0.23435785,none
0.0,66.0,0.7269684,none
0.0,66.0,0.15868828,none
0.0,66.0,0.4879825,none
0.5,2.0,0.1319739,middle right
-0.5,66.0,0.13615559,none
0.0,66.0,0.11381127,none
-1.0,66.0,1.1165596,none
0.5,66.0,0.19154358,none
0.0,66.0,1.3238645,none
0.5,2.0,0.09544661,middle right
0.5,1.0,0.5161507,middle left
0.0,66.0,0.26018414,none
0.0,1.0,0.2719377,middle left
0.0,1.0,0.2180197,middle left
0.0,2.0,0.16183701,middle right
0.0,66.0,0.046058994,none
0.0,1.0,0.057419594,middle left
0.0,66.0,0.19830985,none
0.5,1.0,0.042226538,middle left
0.0,66.0,0.581521,none
0.0,66.0,0.1975018,none
0.0,66.0,1.3238643,none
-0.5,66.0,0.60310495,none
1.0,2.0,0.27326763,middle right
0.0,66.0,1.3238645,none
0.0,66.0,0.16679908,none
1.0,5.0,0.6773098,left
0.0,3.0,0.11663257,right
0.0,1.0,0.25676864,middle left
0.0,66.0,0.6795601,none
1.0,66.0,1.3238643,none
-1.0,3.0,0.3414115,right
0.5,66.0,0.22805029,none
0.0,1.0,0.12923826,middle left
0.0,66.0,1.3238642,none
0.0,66.0,0.09160248,none
0.0,66.0,1.3238643,none
0.0,1.0,0.12160441,middle left
0.0,2.0,0.925077,middle right
0.5,66.0,0.3853418,none
1.0,66.0,0.14735793,none
0.0,66.0,0.10787092,none
0.0,1.0,0.11403173,middle left
0.0,3.0,0.06991398,right
0.5,66.0,0.08833465,none
0.0,66.0,0.34596172,none
0.0,66.0,1.3238645,none
0.0,66.0,0.054040294,none
0.5,66.0,1.3238645,none
1.0,5.0,1.3238645,left
0.5,66.0,0.36943728,none
1.0,2.0,0.46905684,middle right
0.5,66.0,1.3238643,none
0.5,66.0,0.45607427,none
0.0,66.0,0.08655266,none
0.5,66.0,0.22967839,none
1.0,66.0,1.3238643,none
0.0,66.0,0.21214762,none
0.0,66.0,0.30433118,none
0.0,66.0,0.24013658,none
0.0,66.0,0.09143868,none
1.0,5.0,0.41320062,left
0.0,2.0,0.33062372,middle right
0.5,66.0,0.16213389,none
0.0,66.0,1.2965138,none
0.5,66.0,1.207883,none
0.0,1.0,0.34867233,middle left
0.5,5.0,0.13899043,left
0.0,66.0,0.3746717,none
-1.0,66.0,0.56520987,none
0.0,66.0,0.26502168,none
0.5,1.0,0.13209155,middle left
0.0,66.0,0.12160441,none
0.0,66.0,0.20577735,none
0.0,66.0,0.33409113,none
0.0,66.0,0.15229756,none
0.0,1.0,0.16153651,middle left
0.0,66.0,1.3238645,none
0.0,66.0,0.0639624,none
0.5,1.0,0.11401966,middle left
0.0,66.0,0.1227723,none
-0.5,3.0,0.17940208,right
0.5,1.0,0.20624104,middle left
0.5,1.0,0.29545,middle left
0.0,66.0,0.1805446,none
0.5,66.0,0.30604532,none
0.0,1.0,0.38864112,middle left
0.5,3.0,0.09211799,right
0.0,66.0,0.39956382,none
-0.5,3.0,0.21468475,right
0.5,1.0,0.103764966,middle left
0.5,66.0,0.14184768,none
0.0,5.0,0.16212454,left
1.0,1.0,0.42045686,middle left
0.0,66.0,0.6084558,none
-1.0,66.0,0.42336944,none
0.5,3.0,0.6635229,right
0.0,66.0,0.14808737,none
0.5,66.0,0.5429986,none
0.5,66.0,0.66957223,none
0.0,66.0,0.05431369,none
0.0,66.0,0.11228741,none
1.0,66.0,0.33889925,none
0.5,66.0,0.45739654,none
0.5,1.0,0.21999323,middle left
0.0,2.0,0.107597955,middle right
0.5,66.0,0.41821712,none
0.5,66.0,0.16378823,none
0.0,66.0,0.12130628,none
0.0,66.0,0.54653525,none
0.5,66.0,0.080475174,none
0.0,1.0,0.14140427,middle left
0.5,2.0,0.15526402,middle right
0.0,66.0,0.15740362,none
0.5,66.0,0.38933682,none
0.5,66.0,0.23855577,none
0.0,66.0,0.13799413,none
0.0,1.0,0.24052721,middle left
0.0,2.0,0.1676253,middle right
0.5,1.0,0.10664708,middle left
0.0,66.0,0.1676253,none
0.0,7.0,0.13596885,middle right
0.0,66.0,0.30763754,none
-0.5,1.0,0.111599945,middle left
0.5,66.0,0.103764966,none
1.0,66.0,0.7505176,none
1.0,66.0,0.33039227,none
0.0,66.0,0.040366955,none
-0.5,66.0,0.1276948,none
0.5,66.0,0.11947622,none
0.0,66.0,0.091550596,none
0.0,66.0,0.23658256,none
0.5,3.0,0.41702437,right
0.0,1.0,0.09496627,middle left
0.0,66.0,0.21814755,none
0.5,66.0,0.04142457,none
0.5,1.0,0.22805028,middle left
0.5,66.0,0.060509577,none
0.0,5.0,0.27458155,left
1.0,66.0,0.39355224,none
0.5,66.0,0.16378823,none
0.5,66.0,0.1975018,none
0.0,66.0,0.1913857,none
1.0,7.0,0.25690973,middle right
-0.5,1.0,0.06360318,middle left
0.0,66.0,1.3238645,none
0.5,66.0,0.11532422,none
0.0,3.0,0.115267664,right
0.5,66.0,0.05414158,none
0.5,66.0,0.05146658,none
1.0,66.0,0.33858517,none
0.0,66.0,0.6786746,none
0.5,66.0,0.30682948,none
0.0,2.0,0.3525248,middle right
-1.0,66.0,0.086290635,none
0.5,66.0,0.086290635,none
0.5,66.0,0.24036916,none
0.5,66.0,0.087982416,none
0.5,7.0,0.89289725,middle right
0.5,66.0,0.6091193,none
0.5,66.0,0.14912452,none
0.0,2.0,0.36093432,middle right
-0.5,1.0,0.1956719,middle left
0.0,66.0,0.15369032,none
0.5,1.0,0.46649256,middle left
0.0,66.0,0.7869277,none
0.0,66.0,0.155742,none
0.0,66.0,0.2754379,none
0.5,66.0,1.3236659,none
0.0,66.0,0.09231338,none
0.0,66.0,0.2291743,none
0.5,1.0,0.2818611,middle left
0.0,3.0,0.6152736,right
0.0,66.0,0.39240095,none
-1.0,66.0,0.13829029,none
0.0,66.0,0.13886423,none
0.0,66.0,0.57176554,none
0.0,66.0,0.27162236,none
0.5,66.0,0.17225829,none
0.0,66.0,0.6839089,none
0.5,5.0,0.17289783,left
0.0,3.0,0.25546476,right
0.0,66.0,0.044167325,none
0.0,66.0,0.14838216,none
0.0,66.0,0.30155247,none
0.5,66.0,0.8009269,none
0.0,66.0,0.12720636,none
0.0,2.0,0.30829272,middle right
0.0,66.0,0.11663257,none
0.5,5.0,0.10759794,left
0.0,66.0,0.26418492,none
0.5,3.0,0.11057553,right
1.0,66.0,0.25131685,none
0.0,3.0,1.0731342,right
-0.5,3.0,0.6117154,right
0.5,3.0,0.09348369,right
0.0,66.0,0.097993255,none
0.0,66.0,0.28686476,none
0.5,1.0,0.30558813,middle left
-1.0,66.0,0.080733895,none
0.0,66.0,0.20036717,none
0.5,66.0,0.1315813,none
0.0,66.0,0.31736785,none
0.5,2.0,0.19803452,middle right
0.5,5.0,0.372431,left
1.0,5.0,0.06579067,left
-0.5,3.0,0.09027229,right
0.5,5.0,0.05213111,left
0.0,5.0,0.49641523,left
-1.0,66.0,0.18208951,none
0.0,66.0,0.54724437,none
0.0,6.0,0.4460089,left
0.0,1.0,0.38045824,middle left
0.0,66.0,0.05145181,none
1.0,66.0,0.31013387,none
0.0,1.0,1.106983,middle left
-0.5,3.0,0.28553984,right
0.0,66.0,0.18981904,none
0.0,2.0,0.27798086,middle right
0.5,5.0,1.3238645,left
0.0,66.0,0.40063685,none
-1.0,66.0,0.28490525,none
1.0,2.0,0.39902058,middle right
0.0,66.0,0.2777083,none
-1.0,66.0,0.10189744,none
0.5,66.0,0.10664708,none
0.0,66.0,0.30171502,none
0.0,66.0,0.15498595,none
0.0,66.0,0.09127871,none
0.0,66.0,0.047911238,none
-0.5,2.0,0.1513571,middle right
0.0,3.0,0.16212454,right
0.0,2.0,0.30974963,middle right
0.0,66.0,0.095766954,none
0.5,66.0,0.4065272,none
-0.5,1.0,0.13508818,middle left
0.0,3.0,0.14777084,right
0.5,66.0,0.17250448,none
-0.5,66.0,0.103305325,none
-0.5,66.0,0.13251084,none
0.5,66.0,0.045392025,none
0.5,3.0,0.6773098,right
0.0,5.0,0.35584196,left
0.5,1.0,0.17859542,middle left
-0.5,66.0,0.13009207,none
-0.5,2.0,0.55558914,middle right
-0.5,66.0,0.16538702,none
0.5,66.0,0.62026787,none
-0.5,3.0,0.20824687,right
0.5,1.0,0.13617906,middle left
0.5,66.0,0.120181404,none
0.0,66.0,1.3238645,none
0.0,66.0,0.11618819,none
0.5,7.0,0.50913286,middle right
0.0,66.0,0.538723,none
0.0,3.0,0.11618819,right
0.5,2.0,1.3236659,middle right
0.0,66.0,0.045639355,none
1.0,1.0,0.43174264,middle left
-0.5,66.0,0.26190716,none
0.0,66.0,0.20379491,none
-0.5,1.0,0.523839,middle left
0.5,1.0,0.1895158,middle left
0.0,66.0,0.10142515,none
0.5,66.0,0.33525825,none
0.0,1.0,0.6616821,middle left
-0.5,1.0,0.3352506,middle left
0.0,1.0,0.049507264,middle left
-0.5,3.0,0.4974177,right
0.0,66.0,0.07147895,none
0.0,66.0,1.0102668,none
-0.5,1.0,0.46025607,middle left
0.5,66.0,0.54296577,none
0.0,2.0,0.16183701,middle right
0.5,66.0,0.10828316,none
0.5,66.0,0.086772725,none
0.0,66.0,0.07386128,none
0.0,5.0,0.5521826,left
0.5,5.0,0.18841654,left
-0.5,2.0,0.4544635,middle right
0.5,66.0,0.83082986,none
0.0,2.0,0.102386475,middle right
0.0,2.0,0.39144412,middle right
0.0,66.0,0.18471305,none
-1.0,66.0,0.5748824,none
-0.5,66.0,0.2754379,none
-1.0,66.0,0.048230585,none
0.0,66.0,0.21637654,none
1.0,6.0,0.21519591,left
0.5,66.0,0.3719099,none
0.0,2.0,1.1069832,middle right
0.5,5.0,0.91679144,left
0.0,66.0,0.22425073,none
0.0,66.0,0.16183698,none
0.5,66.0,0.07454017,none
0.5,66.0,0.09211799,none
0.5,66.0,0.19625835,none
0.0,66.0,0.05145181,none
-0.5,2.0,0.16216733,middle right
0.5,66.0,0.46505317,none
0.5,66.0,0.08076826,none
0.5,6.0,0.46126106,left
0.5,66.0,0.2701594,none
0.0,3.0,0.16204047,right
0.5,66.0,0.49641523,none
0.0,66.0,0.0785233,none
-1.0,66.0,0.1805719,none
-0.5,66.0,1.106983,none
0.5,5.0,0.37748352,left
-0.5,66.0,1.3238642,none
0.0,66.0,0.3212306,none
0.0,2.0,0.387933,middle right
0.5,2.0,0.23324628,middle right
0.5,2.0,0.08130015,middle right
0.5,3.0,0.09143868,right
-0.5,2.0,1.3238642,middle right
0.0,66.0,0.27149916,none
0.0,2.0,0.16929258,middle right
-0.5,66.0,0.16370428,none
0.0,1.0,0.17998353,middle left
0.5,66.0,0.20094818,none
0.0,66.0,0.08144921,none
0.5,66.0,0.045621652,none
0.5,66.0,0.27116925,none
1.0,66.0,0.09143868,none
0.0,3.0,0.1976209,right
-0.5,3.0,0.034836493,right
0.5,1.0,0.9400179,middle left
0.0,66.0,1.1767392,none
0.5,66.0,1.184588,none
0.5,66.0,0.09203565,none
0.0,66.0,0.11107151,none
0.5,1.0,0.79973817,middle left
0.5,66.0,0.43623018,none
0.0,1.0,0.060802206,middle left
0.0,66.0,0.061002918,none
1.0,2.0,0.37748352,middle right
0.5,5.0,0.5003457,left
1.0,5.0,0.2967643,left
0.5,66.0,0.03693064,none
1.0,66.0,0.05188038,none
0.0,2.0,1.3238643,middle right
0.0,66.0,0.21082483,none
0.0,66.0,0.039864965,none
0.5,66.0,0.06455941,none
0.0,7.0,0.2721703,middle right
0.5,66.0,0.2439056,none
-0.5,1.0,0.4602562,middle left
-1.0,66.0,0.3411543,none
0.0,1.0,0.09193349,middle left
0.5,66.0,0.07739921,none
1.0,66.0,0.29859263,none
0.5,66.0,0.36393422,none
-0.5,2.0,0.42516136,middle right
0.0,1.0,0.22214302,middle left
1.0,66.0,0.07763201,none
0.5,66.0,0.7583454,none
-0.5,66.0,0.6339114,none
0.0,66.0,0.10431008,none
-0.5,5.0,0.21468472,left
0.5,66.0,0.14735793,none
-0.5,66.0,0.06923208,none
1.0,6.0,0.1818512,left
0.5,2.0,0.16183698,middle right
0.0,66.0,0.03693064,none
0.0,66.0,0.07739918,none
0.0,66.0,0.11458715,none
-0.5,66.0,0.16519614,none
0.5,66.0,0.34040025,none
0.0,66.0,0.084453076,none
0.0,3.0,0.07447368,right
1.0,66.0,0.13158134,none
0.0,1.0,0.3611438,middle left
0.0,66.0,0.060802206,none
0.5,1.0,0.23324628,middle left
0.5,66.0,0.06690894,none
0.0,7.0,0.28676093,middle right
0.0,2.0,0.099154934,middle right
0.0,1.0,0.04753625,middle left
0.5,66.0,0.2624325,none
0.5,66.0,0.21329416,none
-1.0,3.0,0.10818827,right
0.0,66.0,0.5034308,none
0.0,66.0,0.16970015,none
0.5,2.0,1.3238643,middle right
0.0,2.0,0.7182955,middle right
-1.0,66.0,0.961415,none
0.0,1.0,0.39144412,middle left
0.0,1.0,0.65230185,middle left
0.0,66.0,0.09915493,none
1.0,66.0,0.1893132,none
0.5,1.0,0.54653525,middle left
0.5,66.0,0.34500897,none
-0.5,66.0,1.2946659,none
0.0,66.0,0.06690893,none
0.5,66.0,0.23923036,none
0.0,7.0,0.32433465,middle right
0.0,66.0,0.164786,none
0.0,66.0,0.79245436,none
0.0,1.0,0.060802206,middle left
0.0,66.0,0.048479144,none
-1.0,66.0,0.11401966,none
1.0,66.0,0.13899043,none
-1.0,66.0,0.26277858,none
0.0,1.0,0.47000894,middle left
-0.5,2.0,0.35179457,middle right
0.5,66.0,0.16532128,none
0.0,2.0,1.2658765,middle right
1.0,7.0,0.15487799,middle right
0.5,66.0,0.7895195,none
1.0,66.0,0.6035737,none
0.5,5.0,1.3238642,left
0.5,66.0,0.0915496,none
0.0,66.0,0.5107792,none
0.5,1.0,0.13608515,middle left
-0.5,66.0,0.3724311,none
0.5,66.0,0.20036717,none
-0.5,3.0,0.40284938,right
0.5,66.0,0.28814784,none
0.5,1.0,0.19830985,middle left
0.0,66.0,0.1850543,none
0.5,1.0,0.09672516,middle left
0.5,5.0,0.16093153,left
-1.0,1.0,0.21468475,middle left
0.5,66.0,0.18456128,none
-0.5,1.0,0.22192046,middle left
0.0,66.0,0.33125782,none
-0.5,66.0,0.5238143,none
0.0,3.0,0.054761812,right
0.5,66.0,0.12845486,none
0.0,3.0,0.15457827,right
0.0,66.0,0.17354122,none
0.0,7.0,0.3280578,middle right
0.5,66.0,0.16093153,none
0.0,66.0,0.38793296,none
1.0,2.0,0.08725899,middle right
0.0,66.0,0.28822023,none
0.5,1.0,0.13517718,middle left
-0.5,6.0,0.46656477,left
0.5,66.0,0.048996627,none
0.5,66.0,0.09211799,none
0.0,3.0,0.6860358,right
-0.5,3.0,0.37918305,right
0.0,2.0,0.13437259,middle right
0.0,3.0,0.33409113,right
0.0,7.0,1.3238645,middle right
0.0,66.0,0.27568963,none
0.5,6.0,0.20072661,left
-0.5,1.0,0.2754379,middle left
1.0,66.0,0.7409453,none
0.5,66.0,0.20036717,none
0.5,66.0,0.24262287,none
0.0,2.0,0.08214058,middle right
0.5,66.0,0.20744528,none
0.5,66.0,1.3238645,none
0.0,66.0,0.058316287,none
0.5,66.0,0.30459514,none
0.0,3.0,0.2669762,right
0.0,66.0,0.7902763,none
0.0,2.0,0.048230585,middle right
0.0,2.0,0.14696638,middle right
0.5,66.0,1.1587864,none
1.0,2.0,0.13861534,middle right
0.0,66.0,0.28565127,none
0.0,66.0,0.27297837,none
0.0,66.0,0.2439056,none
-0.5,66.0,0.16196275,none
0.0,66.0,0.47606477,none
-0.5,66.0,0.14894733,none
0.0,66.0,0.16369309,none
0.5,66.0,0.066466816,none
0.0,66.0,0.098672405,none
0.0,66.0,0.38793296,none
0.5,2.0,0.22425073,middle right
0.0,1.0,0.11618819,middle left
0.0,1.0,0.33525828,middle left
0.0,2.0,0.10664708,middle right
-0.5,3.0,0.78572345,right
-0.5,3.0,0.15061393,right
0.5,66.0,0.087982416,none
0.5,66.0,0.07763201,none
0.0,2.0,0.061002918,middle right
1.0,3.0,0.30155247,right
0.5,66.0,0.114422105,none
0.0,66.0,0.043629494,none
0.5,6.0,0.13381788,left
0.0,66.0,0.058316287,none
0.0,2.0,0.4269993,middle right
1.0,5.0,0.38217774,left
0.0,66.0,0.095651016,none
1.0,66.0,0.12427389,none
0.0,1.0,0.043200288,middle left
1.0,66.0,0.10027717,none
1.0,66.0,0.12845486,none
-0.5,3.0,1.2416854,right
0.0,66.0,0.62470484,none
-0.5,66.0,0.46025607,none
0.5,66.0,0.4807075,none
0.5,66.0,0.119552895,none
0.0,66.0,1.1576581,none
1.0,5.0,0.162076,left
0.5,3.0,0.0978774,right
0.5,5.0,0.27515286,left
0.0,66.0,0.28160122,none
0.0,3.0,0.05771568,right
0.5,1.0,0.09127872,middle left
0.0,1.0,0.16260028,middle left
1.0,1.0,0.2826049,middle left
0.0,66.0,0.37467158,none
0.0,66.0,0.16215909,none
-0.5,3.0,0.28147832,right
0.5,2.0,0.27798086,middle right
0.5,2.0,0.063962385,middle right
0.0,66.0,1.3238645,none
0.0,66.0,0.09078405,none
-0.5,66.0,0.16212454,none
0.0,1.0,0.07427202,middle left
0.0,1.0,0.09544661,middle left
0.5,66.0,0.30091238,none
0.5,66.0,0.18910748,none
0.0,66.0,0.11663257,none
0.5,66.0,0.3093612,none
0.5,1.0,0.27038366,middle left
0.5,66.0,0.1263944,none
0.5,66.0,0.061176978,none
0.5,5.0,1.3236659,left
0.5,66.0,0.3420589,none
0.0,1.0,0.18910746,middle left
0.0,66.0,0.21895489,none
0.0,66.0,0.14477287,none
0.0,66.0,0.16538699,none
0.5,66.0,0.36908957,none
0.0,66.0,0.20240635,none
1.0,1.0,0.16370428,middle left
0.5,6.0,0.25610402,left
0.0,66.0,0.083930574,none
0.0,66.0,0.09496627,none
0.5,7.0,0.49405247,middle right
0.5,66.0,1.3236659,none
1.0,2.0,0.39902058,middle right
0.5,66.0,0.2290761,none
0.5,66.0,0.14773677,none
0.0,66.0,1.3238645,none
0.5,66.0,0.13715805,none
0.5,66.0,0.4807075,none
0.0,66.0,0.22425073,none
0.0,5.0,0.9490955,left
1.0,5.0,0.280044,left
0.5,66.0,0.19154353,none
0.0,66.0,0.18767118,none
0.5,66.0,0.32520747,none
0.5,66.0,0.097977616,none
0.0,66.0,0.08725899,none
-0.5,2.0,0.30879104,middle right
0.5,2.0,0.14069255,middle right
0.0,1.0,0.5330825,middle left
-0.5,66.0,0.62696743,none
0.5,66.0,0.2818611,none
0.5,66.0,0.34205598,none
0.0,1.0,0.25304717,middle left
0.0,66.0,0.16271207,none
0.5,66.0,0.31003532,none
0.0,66.0,0.20412567,none
0.5,66.0,0.15400556,none
0.0,66.0,0.23973201,none
0.0,66.0,0.5508758,none
1.0,6.0,0.78134537,left
-1.0,66.0,0.56221443,none
0.5,1.0,0.28886795,middle left
-1.0,3.0,0.09027229,right
0.0,1.0,0.22924386,middle left
-0.5,66.0,0.17250448,none
0.0,66.0,0.07684516,none
0.0,66.0,0.10787089,none
-0.5,66.0,1.3238642,none
0.5,1.0,0.13777868,middle left
0.0,66.0,0.21725476,none
0.5,66.0,0.2511965,none
-0.5,66.0,0.1446997,none
0.0,2.0,0.15538724,middle right
0.5,66.0,0.11927792,none
0.0,66.0,0.22562306,none
0.0,66.0,0.05771568,none
0.5,1.0,1.3238643,middle left
0.0,1.0,0.45479086,middle left
0.5,66.0,0.1573855,none
0.0,66.0,0.51904815,none
0.0,66.0,0.41965362,none
-0.5,66.0,0.043200273,none
0.0,66.0,0.095822476,none
1.0,1.0,0.26502168,middle left
0.5,1.0,0.2826049,middle left
0.0,2.0,0.23855577,middle right
0.0,3.0,0.043200288,right
0.5,66.0,0.09976586,none
0.0,66.0,0.06500661,none
-0.5,66.0,0.19830987,none
0.5,66.0,0.10734238,none
0.5,66.0,0.15538724,none
0.5,66.0,0.058262743,none
0.5,66.0,0.11532422,none
0.0,66.0,0.4125729,none
0.5,1.0,0.063752726,middle left
0.0,2.0,0.18841654,middle right
-0.5,66.0,0.10142514,none
0.0,66.0,0.07684516,none
0.5,3.0,0.05431369,right
0.0,66.0,0.09838806,none
-0.5,2.0,0.047825508,middle right
1.0,66.0,1.3238645,none
0.0,1.0,0.28369537,middle left
0.0,3.0,0.13209155,right
0.5,66.0,0.2699754,none
0.5,1.0,1.184588,middle left
0.5,66.0,0.22743577,none
-1.0,66.0,0.56221443,none
0.5,5.0,0.095651016,left
0.0,66.0,0.21574178,none
-0.5,66.0,0.15847784,none
0.5,1.0,0.2374691,middle left
1.0,66.0,0.13001321,none
0.5,2.0,0.7477343,middle right
0.5,2.0,0.07182691,middle right
0.0,66.0,0.1678612,none
0.0,66.0,0.13942225,none
-0.5,3.0,0.35759655,right
0.0,66.0,0.080918506,none
0.5,2.0,0.29267672,middle right
0.0,3.0,0.054429986,right
0.0,3.0,0.2644665,right
1.0,7.0,0.84462255,middle right
0.0,66.0,0.7575302,none
0.0,66.0,0.3950036,none
0.5,66.0,0.16183701,none
0.5,7.0,1.2849224,middle right
0.0,66.0,0.538723,none
0.5,2.0,0.13899043,middle right
0.0,3.0,0.23609287,right
0.0,66.0,0.15307996,none
0.0,66.0,0.13688536,none
0.0,3.0,0.43957788,right
0.5,3.0,0.2321347,right
0.0,66.0,0.19373234,none
0.5,66.0,0.4802122,none
0.5,66.0,0.13114928,none
0.5,66.0,0.043629494,none
0.0,66.0,0.09695831,none
0.5,5.0,0.1117107,left
0.0,66.0,0.060802206,none
0.0,66.0,0.64366317,none
0.5,66.0,0.08485007,none
0.0,1.0,0.44384092,middle left
0.5,66.0,0.08269351,none
0.5,66.0,0.19635895,none
0.5,66.0,0.16598554,none
0.0,66.0,0.0457748,none
0.5,1.0,0.0489387,middle left
1.0,1.0,0.0489387,middle left
-0.5,66.0,1.3238645,none
0.5,1.0,0.857043,middle left
1.0,5.0,0.64863634,left
0.0,7.0,0.7477343,middle right
0.5,1.0,0.21468475,middle left
0.5,1.0,0.15229757,middle left
-0.5,66.0,0.114349134,none
0.0,66.0,0.09496627,none
0.5,66.0,0.42538044,none
0.0,1.0,0.110413164,middle left
0.5,66.0,0.08725899,none
1.0,66.0,0.15945986,none
0.0,66.0,0.080359116,none
0.5,2.0,0.18131082,middle right
0.0,2.0,0.05071257,middle right
0.5,66.0,0.31625628,none
0.5,1.0,0.13777868,middle left
0.5,66.0,0.20379488,none
0.0,66.0,0.09646117,none
0.0,66.0,0.124029614,none
1.0,66.0,0.16378823,none
0.0,66.0,0.31014088,none
0.0,1.0,0.10317534,middle left
0.0,66.0,0.11680641,none
0.0,66.0,0.28813544,none
-0.5,2.0,1.3238645,middle right
-0.5,66.0,0.06690894,none
0.5,3.0,0.3995093,right
0.0,3.0,0.27798086,right
0.5,66.0,0.22965458,none
0.5,66.0,0.21999328,none
0.5,66.0,1.1630007,none
-0.5,66.0,0.887835,none
0.0,66.0,0.32221577,none
0.0,3.0,0.5652098,right
0.5,66.0,0.5403188,none
0.5,66.0,0.09544661,none
0.5,66.0,0.16294114,none
1.0,5.0,1.1351379,left
-0.5,3.0,1.1030811,right
0.5,66.0,0.34205598,none
0.0,2.0,0.103764966,middle right
0.5,66.0,0.032279704,none
0.0,66.0,0.057912037,none
-0.5,2.0,0.45086157,middle right
-0.5,66.0,0.31014088,none
0.0,5.0,0.76235414,left
0.5,1.0,0.102386475,middle left
0.0,66.0,0.10228192,none
-0.5,66.0,0.46656477,none
1.0,5.0,0.054313693,left
0.5,66.0,0.15400556,none
0.5,66.0,0.13517718,none
0.0,66.0,0.39144412,none
0.5,2.0,0.38199866,middle right
0.0,1.0,0.11121323,middle left
0.5,66.0,0.7485566,none
-0.5,3.0,0.19709627,right
0.0,66.0,0.26824424,none
0.5,1.0,0.09026561,middle left
-1.0,2.0,0.095651016,middle right
0.5,66.0,0.30829272,none
-0.5,66.0,1.2225335,none
0.5,66.0,0.22242649,none
1.0,5.0,0.07817899,left
1.0,66.0,0.39486694,none
0.5,1.0,0.17084609,middle left
0.5,1.0,0.30155244,middle left
1.0,2.0,0.14777084,middle right
0.0,66.0,0.118291266,none
0.0,2.0,0.29240704,middle right
0.0,66.0,0.2721703,none
1.0,66.0,0.75686413,none
0.0,1.0,0.3610758,middle left
0.5,66.0,0.07719966,none
0.5,66.0,0.07996583,none
0.0,2.0,0.19709627,middle right
0.5,66.0,1.3238645,none
0.0,66.0,0.3227943,none
0.5,5.0,0.11651409,left
0.5,1.0,0.12905368,middle left
1.0,66.0,0.27555737,none
0.5,1.0,0.10895584,middle left
0.0,66.0,0.09769731,none
0.0,66.0,1.0706286,none
0.5,1.0,0.054651458,middle left
0.0,1.0,0.045639355,middle left
0.0,66.0,0.20744528,none
0.0,66.0,0.12428766,none
0.0,66.0,0.22536455,none
0.5,1.0,0.78184915,middle left
-0.5,66.0,0.3418103,none
0.0,66.0,0.7485567,none
-0.5,2.0,0.39144412,middle right
-0.5,2.0,0.27779457,middle right
0.0,3.0,0.22762254,right
-0.5,2.0,0.086772725,middle right
0.0,66.0,0.07763201,none
0.5,2.0,0.59718525,middle right
0.0,66.0,0.6616821,none
-1.0,1.0,0.3454216,middle left
0.5,66.0,0.106315374,none
1.0,5.0,0.63346153,left
0.5,66.0,0.096049294,none
-1.0,66.0,0.097230025,none
0.5,66.0,1.3238643,none
-0.5,66.0,0.96815103,none
0.0,66.0,0.063962385,none
0.0,66.0,0.8468738,none
0.5,5.0,0.09199608,left
0.0,1.0,0.063752726,middle left
0.0,66.0,0.09810024,none
0.5,66.0,0.79958344,none
0.0,66.0,0.09365111,none
1.0,5.0,0.23045094,left
1.0,1.0,0.36051026,middle left
-0.5,66.0,0.36697358,none
0.0,2.0,0.35286197,middle right
-0.5,3.0,0.09810024,right
0.0,3.0,0.58769196,right
-0.5,66.0,0.20869057,none
-0.5,66.0,1.3238645,none
0.0,1.0,0.122005835,middle left
0.0,66.0,0.19620045,none
0.0,66.0,0.8437367,none
0.5,66.0,0.32426775,none
0.5,66.0,0.075603455,none
0.5,66.0,0.17564408,none
-0.5,66.0,0.043629494,none
0.5,66.0,0.19636859,none
0.0,66.0,1.3238645,none
-0.5,66.0,0.34919327,none
0.5,2.0,1.3238645,middle right
0.5,66.0,0.33039227,none
0.0,66.0,0.110117905,none
-1.0,66.0,0.18208951,none
0.0,66.0,0.04599804,none
1.0,5.0,0.55658126,left
-0.5,3.0,1.3238645,right
0.5,2.0,0.08725899,middle right
0.0,3.0,0.40663865,right
0.5,66.0,0.10129489,none
0.5,66.0,1.3238642,none
-0.5,2.0,0.10372264,middle right
0.0,66.0,0.8455839,none
0.0,66.0,0.03874649,none
0.0,1.0,0.20752993,middle left
0.0,66.0,0.16519614,none
0.0,66.0,0.08207147,none
0.5,66.0,0.22502883,none
0.0,66.0,0.12657121,none
0.0,66.0,1.3238645,none
0.5,66.0,0.51943827,none
0.0,66.0,0.75496703,none
0.0,1.0,0.23237638,middle left
0.5,1.0,0.30171502,middle left
0.5,1.0,0.27798086,middle left
-0.5,66.0,0.39100656,none
0.5,66.0,0.3100509,none
0.5,66.0,0.08333596,none
0.0,5.0,0.09227239,left
0.0,66.0,0.1314325,none
0.0,5.0,0.31014088,left
0.0,66.0,0.1850543,none
0.5,5.0,0.40063697,left
0.5,66.0,0.16887283,none
1.0,2.0,0.19394627,middle right
0.5,1.0,0.16215909,middle left
0.0,2.0,0.3357223,middle right
0.5,66.0,0.08073391,none
0.0,2.0,0.07827584,middle right
0.0,1.0,0.13517718,middle left
0.5,66.0,1.1291009,none
0.5,2.0,0.11268804,middle right
0.0,66.0,0.33039227,none
0.0,3.0,0.045385156,right
0.5,66.0,0.1862057,none
0.5,66.0,0.2618619,none
0.5,1.0,0.10899844,middle left
0.0,5.0,0.24013658,left
0.5,66.0,1.3238645,none
0.5,66.0,0.5062849,none
0.5,66.0,0.21318345,none
0.0,5.0,0.3004357,left
0.0,66.0,0.09695831,none
0.0,66.0,0.8319,none
0.5,1.0,0.553629,middle left
0.5,66.0,0.17564406,none
0.0,66.0,0.1456516,none
0.0,66.0,0.18172187,none
0.0,5.0,0.42283946,left
0.0,66.0,0.12779364,none
0.5,66.0,0.10414677,none
1.0,66.0,0.3733119,none
0.5,3.0,0.122475594,right
-0.5,66.0,0.28140143,none
0.5,5.0,1.3238645,left
0.5,66.0,0.59255695,none
0.5,1.0,0.54296577,middle left
1.0,66.0,1.0585935,none
0.5,66.0,0.5521826,none
-0.5,1.0,0.08130015,middle left
-1.0,66.0,0.48464617,none
1.0,66.0,0.13757643,none
0.0,66.0,0.38045824,none
0.0,66.0,0.08130015,none
0.0,66.0,1.3236659,none
0.0,2.0,0.09372955,middle right
-1.0,66.0,0.0946566,none
0.5,66.0,0.16369309,none
0.0,66.0,0.10226448,none
-0.5,1.0,0.10372264,middle left
0.0,2.0,0.27555737,middle right
0.0,66.0,0.30543512,none
0.5,3.0,0.20371675,right
-0.5,1.0,0.38199866,middle left
0.0,66.0,0.18054458,none
0.0,66.0,0.12189031,none
0.0,2.0,0.22803932,middle right
-0.5,1.0,0.060802206,middle left
1.0,2.0,0.06690894,middle right
0.0,66.0,0.20094818,none
0.5,5.0,1.0893724,left
0.0,1.0,0.047911238,middle left
0.0,66.0,0.26320636,none
0.0,1.0,1.3238645,middle left
0.5,5.0,0.1676253,left
-0.5,1.0,0.10372264,middle left
-0.5,2.0,0.2525667,middle right
0.0,66.0,0.13517718,none
0.0,66.0,0.4573574,none
1.0,66.0,0.11989677,none
0.5,1.0,0.07769362,middle left
-0.5,3.0,0.22869827,right
-0.5,3.0,1.3238642,right
0.0,2.0,0.17090514,middle right
0.0,66.0,0.15369032,none
0.0,66.0,0.3357223,none
0.5,66.0,0.11680641,none
-1.0,66.0,0.24106735,none
0.0,66.0,0.09496627,none
0.5,66.0,0.27313447,none
0.0,1.0,0.99983644,middle left
-0.5,3.0,0.06360318,right
0.5,1.0,0.14365382,middle left
0.0,66.0,0.09994127,none
0.0,66.0,0.22425073,none
0.5,66.0,0.5193729,none
-0.5,66.0,0.23926044,none
0.5,66.0,0.1807794,none
0.5,2.0,0.12667987,middle right
1.0,1.0,0.13517718,middle left
0.0,66.0,0.30682948,none
0.0,66.0,0.22018155,none
0.5,2.0,0.473632,middle right
0.0,3.0,0.05414158,right
1.0,66.0,0.114025146,none
0.5,66.0,0.3136628,none
0.5,66.0,0.14772256,none
-0.5,66.0,0.27543792,none
0.0,66.0,0.16929258,none
0.5,66.0,0.5897953,none
0.5,66.0,1.3238643,none
-0.5,66.0,0.70455307,none
0.0,66.0,0.081020236,none
0.5,1.0,0.101897456,middle left
-0.5,66.0,0.047769975,none
1.0,66.0,0.15725832,none
0.5,2.0,0.1895158,middle right
0.0,66.0,0.09078405,none
0.0,1.0,0.37834403,middle left
0.0,66.0,0.077871,none
0.0,1.0,0.28369537,middle left
0.5,66.0,0.27397722,none
0.0,2.0,0.0912433,middle right
0.0,66.0,0.23884143,none
0.5,66.0,0.19154353,none
-1.0,2.0,0.043051437,middle right
0.5,66.0,0.9685119,none
-0.5,3.0,0.24028936,right
1.0,66.0,0.19744976,none
-0.5,66.0,0.17998353,none
-0.5,66.0,0.30677795,none
1.0,66.0,0.5215441,none
0.0,66.0,0.38217774,none
0.0,66.0,0.48149785,none
0.0,1.0,0.042226538,middle left
0.0,1.0,0.21999323,middle left
0.0,1.0,0.34867233,middle left
0.0,2.0,0.092465535,middle right
0.0,88.0,0.09646117,none
0.0,66.0,0.16915107,none
-0.5,2.0,0.13517718,middle right
0.0,1.0,0.12189031,middle left
-1.0,88.0,0.12189031,none
0.5,66.0,0.09901453,none
0.5,2.0,0.18593362,middle right
0.5,66.0,0.7382082,none
0.0,66.0,0.24399126,none
1.0,66.0,0.3679312,none
0.5,66.0,0.34304652,none
0.0,1.0,0.18131083,middle left
0.0,66.0,0.18841654,none
0.0,66.0,0.510208,none
0.0,3.0,0.04599804,right
0.0,2.0,0.23973201,middle right
0.0,7.0,0.9169618,middle right
0.5,1.0,0.3061599,middle left
-0.5,66.0,1.3238645,none
0.5,1.0,0.34022626,middle left
1.0,66.0,0.83083594,none
0.0,66.0,0.5630226,none
0.5,66.0,0.095766954,none
0.0,2.0,0.26018414,middle right
0.5,66.0,0.09577179,none
0.5,66.0,0.2488018,none
0.0,2.0,0.1154997,middle right
0.5,66.0,0.34993392,none
0.0,66.0,0.14022583,none
-0.5,2.0,0.051652662,middle right
-0.5,66.0,0.12779364,none
0.0,66.0,0.17998353,none
1.0,66.0,0.13861534,none
0.5,66.0,0.29061136,none
0.5,5.0,0.076148786,left
0.0,1.0,0.07964969,middle left
0.0,66.0,0.4145424,none
0.5,66.0,1.3238643,none
1.0,66.0,0.09286898,none
0.5,1.0,0.38199866,middle left
0.0,1.0,0.31303567,middle left
0.5,66.0,0.13088861,none
0.5,66.0,0.0915496,none
0.0,3.0,0.17354122,right
0.0,1.0,0.12189031,middle left
0.0,66.0,0.38083032,none
1.0,5.0,0.08725899,left
0.5,3.0,0.23324628,right
0.5,2.0,0.054141592,middle right
0.0,66.0,0.14854403,none
1.0,5.0,0.42045686,left
0.5,66.0,0.36262164,none
0.0,2.0,0.087982416,middle right
0.5,5.0,0.16271207,left
0.5,66.0,0.7116839,none
0.0,66.0,0.26124236,none
0.0,1.0,0.27015936,middle left
0.0,66.0,1.2276294,none
-0.5,1.0,0.13519183,middle left
0.5,2.0,0.19975467,middle right
1.0,66.0,0.19209859,none
0.5,66.0,0.30091238,none
0.0,66.0,0.08231106,none
0.0,66.0,0.09199608,none
0.5,66.0,0.21468475,none
-0.5,1.0,0.35562235,middle left
-1.0,66.0,0.24036916,none
0.5,3.0,0.03672492,right
-0.5,66.0,0.11381127,none
0.5,66.0,0.13009207,none
0.0,2.0,0.68201786,middle right
-0.5,66.0,0.16242476,none
0.0,2.0,0.61527383,middle right
0.5,1.0,0.67275184,middle left
0.0,66.0,0.22537608,none
0.5,66.0,0.3531108,none
0.5,66.0,0.09994129,none
0.0,66.0,0.38523594,none
0.0,1.0,0.0718269,middle left
0.0,66.0,0.21616118,none
0.0,66.0,0.07344984,none
0.0,66.0,0.24554457,none
0.5,2.0,0.34082258,middle right
-0.5,1.0,0.08725899,middle left
0.5,66.0,0.14912452,none
1.0,66.0,0.32988447,none
0.0,66.0,0.122005835,none
0.0,66.0,0.32905677,none
1.0,66.0,0.3925167,none
0.0,66.0,0.0878292,none
0.0,66.0,0.4346391,none
0.5,66.0,0.27313447,none
0.0,2.0,0.20498225,middle right
-0.5,66.0,1.3238643,none
0.0,66.0,0.11539043,none
0.5,66.0,0.111378334,none
0.0,3.0,0.5365671,right
0.0,66.0,0.30122787,none
0.0,1.0,0.045639355,middle left
1.0,5.0,0.29627848,left
-0.5,3.0,0.5238143,right
0.5,66.0,0.27015936,none
0.5,1.0,0.23324628,middle left
0.0,3.0,0.473632,right
1.0,5.0,0.6761484,left
0.5,5.0,0.23023538,left
0.5,66.0,0.75601465,none
0.5,66.0,0.075603455,none
0.0,5.0,0.12160441,left
0.5,66.0,0.5812227,none
0.0,66.0,0.11228741,none
0.0,1.0,0.164786,middle left
0.0,1.0,1.3238645,middle left
-0.5,66.0,0.37748352,none
1.0,66.0,0.1913857,none
0.5,5.0,0.03693064,left
0.0,66.0,0.94909555,none
0.5,1.0,0.13009207,middle left
0.5,1.0,0.04403058,middle left
0.0,66.0,0.16271207,none
0.0,7.0,0.12696584,middle right
0.0,6.0,0.22220491,left
1.0,5.0,0.11585063,left
0.0,66.0,0.55864686,none
0.5,2.0,0.6699342,middle right
-1.0,3.0,0.5382311,right
0.5,66.0,0.122475594,none
0.0,66.0,0.17589729,none
0.5,66.0,0.23295255,none
0.0,1.0,0.85076094,middle left
0.0,66.0,0.13381788,none
0.0,66.0,0.12899385,none
0.5,66.0,0.44216886,none
0.0,3.0,0.16538702,right
0.0,2.0,0.40194088,middle right
0.5,66.0,0.17457436,none
0.5,66.0,0.07227397,none
-0.5,1.0,0.25610402,middle left
-0.5,66.0,1.3238643,none
0.0,66.0,0.2552519,none
0.5,1.0,0.17249608,middle left
-1.0,3.0,0.103378005,right
-0.5,66.0,0.42221728,none
1.0,5.0,0.5534915,left
0.5,5.0,0.58381903,left
0.0,66.0,0.39526898,none
0.0,66.0,0.22200777,none
1.0,1.0,0.36657268,middle left
0.0,1.0,0.588903,middle left
0.5,66.0,0.22869827,none
0.0,66.0,0.27772847,none
-0.5,66.0,0.30543512,none
0.5,5.0,1.3238645,left
1.0,5.0,0.116453044,left
0.5,66.0,1.027524,none
1.0,66.0,0.11402514,none
0.5,66.0,0.6676314,none
0.0,66.0,1.1119441,none
0.0,66.0,0.3311059,none
0.0,66.0,0.39649296,none
0.5,66.0,0.22242649,none
0.5,66.0,0.16281125,none
0.0,66.0,0.64132416,none
0.5,7.0,0.77728224,middle right
0.5,66.0,0.09199608,none
0.5,66.0,0.45739654,none
-0.5,3.0,0.123529755,right
0.5,66.0,0.16216733,none
0.5,66.0,0.047825508,none
0.5,6.0,0.05414158,left
0.5,66.0,1.3238642,none
0.5,2.0,0.16786115,middle right
0.5,66.0,0.23458147,none
-0.5,66.0,0.1441259,none
0.5,66.0,0.5162875,none
0.0,66.0,0.34082258,none
0.0,2.0,0.119560294,middle right
0.0,5.0,0.514238,left
0.5,5.0,0.38864112,left
-0.5,66.0,0.85076094,none
0.0,66.0,0.11585063,none
1.0,7.0,0.88348037,middle right
0.5,66.0,0.33983588,none
0.5,66.0,0.22953384,none
0.0,2.0,0.047769975,middle right
0.0,3.0,0.16872005,right
0.0,66.0,0.33084106,none
0.0,66.0,0.16289842,none
0.0,1.0,0.08581877,middle left
1.0,1.0,0.21157856,middle left
0.5,1.0,0.27694744,middle left
-0.5,66.0,1.0542449,none
0.5,3.0,0.11663257,right
0.5,66.0,0.36831623,none
-0.5,66.0,0.21637654,none
0.0,66.0,0.31544432,none
0.5,7.0,0.25875628,middle right
0.0,66.0,0.13009207,none
0.0,1.0,0.2721703,middle left
0.0,3.0,0.57176554,right
0.5,66.0,0.26018414,none
0.0,2.0,0.053822216,middle right
0.0,66.0,0.33769277,none
0.0,66.0,0.16212106,none
0.5,1.0,0.063752726,middle left
